{
  "prepare_queue": {
    "installed": [],
    "uninstalled": []
  },
  "config_munge": {
    "files": {
      "*-Info.plist": {
        "parents": {
          "NSLocationWhenInUseUsageDescription": [
            {
              "xml": "<string>La app necesita capturar su posición aproximada para saber desde qué zona se está haciendo la medición de la calidad en la cobertura de acceso a internet.\nEste dato nunca se vincula con información personal del usuario y se guarda de forma anonimizada en una cuadrícula de una precisión de no más de 500 x 500m</string>",
              "count": 1,
              "mode": "merge",
              "id": "config.xml"
            }
          ]
        }
      },
      "config.xml": {
        "parents": {
          "/*": [
            {
              "xml": "<feature name=\"NetworkStatus\"><param name=\"ios-package\" value=\"CDVConnection\" /></feature>",
              "count": 1
            }
          ]
        }
      }
    }
  },
  "installed_plugins": {
    "cordova-plugin-whitelist": {
      "PACKAGE_NAME": "es.aragon.analisiscobertura"
    },
    "cordova-plugin-network-information": {
      "PACKAGE_NAME": "es.aragon.analisiscobertura"
    }
  },
  "dependent_plugins": {},
  "modules": [
    {
      "id": "cordova-plugin-network-information.network",
      "file": "plugins/cordova-plugin-network-information/www/network.js",
      "pluginId": "cordova-plugin-network-information",
      "clobbers": [
        "navigator.connection"
      ]
    },
    {
      "id": "cordova-plugin-network-information.Connection",
      "file": "plugins/cordova-plugin-network-information/www/Connection.js",
      "pluginId": "cordova-plugin-network-information",
      "clobbers": [
        "Connection"
      ]
    }
  ],
  "plugin_metadata": {
    "cordova-plugin-whitelist": "1.3.5",
    "cordova-plugin-network-information": "3.0.0"
  }
}
